{"cameraMode":{"drawMode":0,"name":"Shaded","section":"Shading Mode"},"sceneLighting":true,"audioPlay":false,"sceneViewState":{"showFog":true,"showMaterialUpdate":false,"showSkybox":true,"showFlares":true,"showImageEffects":true,"showParticleSystems":true},"in2DMode":false,"pivot":{"x":-1.2367428541183472,"y":-2.156416177749634,"z":8.71872329711914},"rotation":{"x":-0.17438596487045289,"y":0.07583357393741608,"z":-0.013471400365233422,"w":-0.9816622138023377},"size":10.876067161560059,"orthographic":false}