{"cameraMode":{"drawMode":0,"name":"Shaded","section":"Shading Mode"},"sceneLighting":true,"audioPlay":false,"sceneViewState":{"showFog":true,"showMaterialUpdate":false,"showSkybox":true,"showFlares":true,"showImageEffects":true,"showParticleSystems":true},"in2DMode":false,"pivot":{"x":21.724193572998048,"y":4.36075496673584,"z":33.5277099609375},"rotation":{"x":-0.007275531999766827,"y":0.9921011328697205,"z":-0.104556143283844,"w":-0.06916222721338272},"size":11.64919376373291,"orthographic":false}