{"cameraMode":{"drawMode":0,"name":"Shaded","section":"Shading Mode"},"sceneLighting":true,"audioPlay":false,"sceneViewState":{"showFog":true,"showMaterialUpdate":false,"showSkybox":true,"showFlares":true,"showImageEffects":true,"showParticleSystems":true},"in2DMode":false,"pivot":{"x":13.705977439880371,"y":-6.017001628875732,"z":12.704422950744629},"rotation":{"x":0.2333572953939438,"y":-0.4224175214767456,"z":0.11350537091493607,"w":0.8684715628623962},"size":22.0,"orthographic":false}