{"cameraMode":{"drawMode":0,"name":"Shaded","section":"Shading Mode"},"sceneLighting":false,"audioPlay":false,"sceneViewState":{"showFog":true,"showMaterialUpdate":false,"showSkybox":true,"showFlares":true,"showImageEffects":true,"showParticleSystems":true},"in2DMode":false,"pivot":{"x":3.725290298461914e-9,"y":1.0399999618530274,"z":-3.725290298461914e-9},"rotation":{"x":0.004334933124482632,"y":0.9935213923454285,"z":-0.10621195286512375,"w":0.04055452719330788},"size":0.20208288729190827,"orthographic":false}