{"cameraMode":{"drawMode":0,"name":"Shaded","section":"Shading Mode"},"sceneLighting":true,"audioPlay":false,"sceneViewState":{"showFog":true,"showMaterialUpdate":false,"showSkybox":true,"showFlares":true,"showImageEffects":true,"showParticleSystems":true},"in2DMode":false,"pivot":{"x":19.836599349975587,"y":4.405488014221191,"z":-0.9570139646530151},"rotation":{"x":0.140535369515419,"y":0.0032652083318680526,"z":-0.0004504373064264655,"w":0.9900907278060913},"size":0.20208239555358888,"orthographic":false}